<?xml version="1.0" encoding="UTF-8"?><idempiere Name="PAT_Accounting_Utilities" Version="1.0" idempiereVersion="" DataBaseVersion="" Description="" Author="" AuthorEmail="" CreatedDate="2017-08-28 08:06:59.691" UpdatedDate="2017-08-28 08:06:59.691" PackOutVersion="100" UpdateDictionary="false" Client="0-SYSTEM-System" AD_Client_UU="11237b53-9592-4af1-b3c5-afd216514b5d">
    <AD_Menu type="table">
        <SeqNo>15</SeqNo>
        <AD_Client_ID>0</AD_Client_ID>
        <AD_Org_ID>0</AD_Org_ID>
        <Name>PAT_Accounting_Utilities</Name>
        <Description>PAT_Accounting_Utilities</Description>
        <Action/>
        <AD_Window_ID reference="id"/>
        <AD_Workflow_ID reference="id"/>
        <AD_Task_ID reference="id"/>
        <IsActive>Y</IsActive>
        <IsSummary>Y</IsSummary>
        <AD_Process_ID reference="id"/>
        <IsSOTrx>N</IsSOTrx>
        <AD_Form_ID reference="id"/>
        <IsReadOnly>N</IsReadOnly>
        <EntityType>U</EntityType>
        <IsCentrallyMaintained>N</IsCentrallyMaintained>
        <AD_Menu_UU>73281b6a-d7b8-4c0c-8060-466f8834ad96</AD_Menu_UU>
        <AD_InfoWindow_ID reference="id"/>
        <AD_Menu_Trl type="translation">
            <Name>PAT_Accounting_Utilities</Name>
            <Description>PAT_Accounting_Utilities</Description>
            <AD_Language>es_CO</AD_Language>
            <IsActive>Y</IsActive>
            <IsTranslated>N</IsTranslated>
        </AD_Menu_Trl>
        <AD_Menu type="table">
            <Parent_ID reference="uuid" reference-key="AD_Menu">73281b6a-d7b8-4c0c-8060-466f8834ad96</Parent_ID>
            <SeqNo>0</SeqNo>
            <AD_Client_ID>0</AD_Client_ID>
            <AD_Org_ID>0</AD_Org_ID>
            <Name>PAT_AccountInfoCockpit</Name>
            <Description>PAT_AccountInfoCockpit</Description>
            <Action>X</Action>
            <AD_Window_ID reference="id"/>
            <AD_Workflow_ID reference="id"/>
            <AD_Task_ID reference="id"/>
            <IsActive>Y</IsActive>
            <IsSummary>N</IsSummary>
            <AD_Process_ID reference="id"/>
            <IsSOTrx>N</IsSOTrx>
            <AD_Form_ID reference="uuid" reference-key="AD_Form">9229c582-516e-44ac-8fd9-e56cf0b26d4a</AD_Form_ID>
            <IsReadOnly>N</IsReadOnly>
            <EntityType>U</EntityType>
            <IsCentrallyMaintained>Y</IsCentrallyMaintained>
            <AD_Menu_UU>4521add1-d981-462d-adbc-04ac32d16d59</AD_Menu_UU>
            <AD_InfoWindow_ID reference="id"/>
            <AD_Form type="table">
                <AD_Client_ID>0</AD_Client_ID>
                <AD_Org_ID>0</AD_Org_ID>
                <IsActive>Y</IsActive>
                <Name>PAT_AccountInfoCockpit</Name>
                <Description>PAT_AccountInfoCockpit</Description>
                <Help/>
                <Classname>de.aulerlichtkabel.acctinfocpt.froms.PAT_WAcctInfCptForm</Classname>
                <AccessLevel>3</AccessLevel>
                <EntityType>U</EntityType>
                <IsBetaFunctionality>N</IsBetaFunctionality>
                <JSPURL/>
                <AD_Form_UU>9229c582-516e-44ac-8fd9-e56cf0b26d4a</AD_Form_UU>
                <AD_CtxHelp_ID reference="id"/>
                <AD_Form_Trl type="translation">
                    <Help/>
                    <Description>PAT_AccountInfoCockpit</Description>
                    <Name>PAT_AccountInfoCockpit</Name>
                    <AD_Language>es_CO</AD_Language>
                    <IsActive>Y</IsActive>
                    <IsTranslated>N</IsTranslated>
                </AD_Form_Trl>
            </AD_Form>
        </AD_Menu>
    </AD_Menu>
</idempiere>
